{
    "tm_x": [563999.663, 563976.775, 563966.199, 563998.007],
    "tm_y": [167359.762, 167345.011, 167340.474, 167361.577],
    "vel": [0.4, 0.4, -0.4, 0.0],
    "heading": [-2.143286, -2.143286, -2.143286, -2.143286],
    "dir": [1, 1, 3, 3]
}
