{
    "tm_x": [564003.544, 563979.522, 564003.544, 563992.865, 563977.576, 563998.955, 563990.666, 563975.609, 563995.923],
    "tm_y": [167361.469, 167345.173, 167361.469, 167358.629, 167348.476, 167363.133, 167362.694, 167351.718, 167366.684],
    "vel": [0.6, -1.2, 0.6, 0.6, -1.2, 0.6, 0.6, -1.2, 0.0],
    "heading": [-2.166863, -2.166863, -2.166863, -2.157001, -2.171778, -2.171778, -2.200697, -2.205753, -2.205753],
    "dir": [1, 3, 1, 1, 3, 1, 1, 3, 1]
}
