{
    "tm_x": [371395.000, 371363.000, 371373.000, 371395.000, 371363.000, 371373.000, 371395.000],
    "tm_y": [159296.000, 159296.000, 159293.000, 159293.000, 159293.000, 159296.000, 159296.000],
    "vel": [0.4, -0.4, -0.4, 0.4, -0.4, -0.4, 0.0],
    "heading": [-1.570796, -1.570796, -1.570796, -1.570796, -1.570796, -1.570796, -1.570796],
    "dir": [1, 3, 3, 1, 3, 3, 1],
    "shift": [1, 2, 2, 1, 2, 2, 1]
}
